request_id,amount_safe_to_pay,affordability_status,recommended_payment_method,payment_plan,earliest_date_for_full_payment,spending_changes_needed,decision_explanation
request_26,15656000.0,affordable_now,full_payment,2025-08-03:15656000.0,2025-08-03,none,"Pay IDR 15,656,000 today. This leaves at least IDR 24,768,300 available over the next 90 days."
request_27,6670.0,affordable_now,full_payment,2026-07-05:6670.0,2026-07-05,none,"Pay ZAR 6,670 today. This leaves at least ZAR 20,500 available over the next 90 days."
request_28,427.92,affordable_later,wait,2024-07-19:1302.4,2024-07-19,none,"Wait until 2024-07-19 to pay EUR 1,302.4 in full. Current safe amount is EUR 427.92. Balance will be sufficient after upcoming income clears."
request_29,51524.0,affordable_now,full_payment,2025-11-04:51524.0,2025-11-04,none,"Pay ZAR 51,524 today. This leaves at least ZAR 28,300 available over the next 90 days."
request_30,775.2,affordable_with_plan,installments,2026-04-06:268.74|2026-05-06:268.74|2026-06-05:268.74,2026-04-06,none,"Use 3 installments of USD 268.74, starting 2026-04-06. This leaves at least USD 900 available."
request_31,5622969.36,affordable_later,wait,2024-09-15:18164000.0,2024-09-15,none,"Wait until 2024-09-15 to pay IDR 18,164,000 in full. Current safe amount is IDR 5,622,969.36. Balance will be sufficient after upcoming income clears."
request_32,23199.0,affordable_later,wait,2025-02-15:40018.0,2025-02-15,none,"Wait until 2025-02-15 to pay ZAR 40,018 in full. Current safe amount is ZAR 23,199. Balance will be sufficient after upcoming income clears."
request_33,51705.73,affordable_later,wait,2026-01-14:118000.0,2026-01-14,none,"Wait until 2026-01-14 to pay INR 118,000 in full. Current safe amount is INR 51,705.73. Balance will be sufficient after upcoming income clears."
request_34,129400.0,affordable_now,full_payment,2024-12-04:129400.0,2024-12-04,none,"Pay INR 129,400 today. This leaves at least INR 138,500 available over the next 90 days."
request_35,55336.78,affordable_later,wait,2025-12-17:212000.0,2025-12-17,none,"Wait until 2025-12-17 to pay INR 212,000 in full. Current safe amount is INR 55,336.78. Balance will be sufficient after upcoming income clears."
request_36,921.75,affordable_later,wait,2026-08-14:3954.0,2026-08-14,none,"Wait until 2026-08-14 to pay USD 3,954 in full. Current safe amount is USD 921.75. Balance will be sufficient after upcoming income clears."
request_37,6820153.1,affordable_later,wait,2024-03-22:14649000.0,2024-03-22,none,"Wait until 2024-03-22 to pay IDR 14,649,000 in full. Current safe amount is IDR 6,820,153.1. Balance will be sufficient after upcoming income clears."
request_38,254.02,affordable_later,wait,2025-08-30:971.3,2025-08-30,none,Wait until 2025-08-30 to pay EUR 971.3 in full. Current safe amount is EUR 254.02. Balance will be sufficient after upcoming income clears.
request_39,162675.46,affordable_later,wait,2026-04-14:208600.0,2026-04-14,none,"Wait until 2026-04-14 to pay INR 208,600 in full. Current safe amount is INR 162,675.46. Balance will be sufficient after upcoming income clears."
request_40,540.0,affordable_later,wait,2024-06-14:1290.3,2024-06-14,none,"Wait until 2024-06-14 to pay EUR 1,290.3 in full. Current safe amount is EUR 540. Balance will be sufficient after upcoming income clears."
request_41,13799523.41,affordable_later,wait,2025-11-14:38760000.0,2025-11-14,none,"Wait until 2025-11-14 to pay IDR 38,760,000 in full. Current safe amount is IDR 13,799,523.41. Balance will be sufficient after upcoming income clears."
request_42,52100.0,affordable_now,full_payment,2026-01-05:52100.0,2026-01-05,none,"Pay INR 52,100 today. This leaves at least INR 113,100 available over the next 90 days."
request_43,9868266.98,affordable_later,wait,2024-10-14:43339000.0,2024-10-14,none,"Wait until 2024-10-14 to pay IDR 43,339,000 in full. Current safe amount is IDR 9,868,266.98. Balance will be sufficient after upcoming income clears."
request_44,42229.45,affordable_later,wait,2025-03-18:95800.0,2025-03-18,none,"Wait until 2025-03-18 to pay INR 95,800 in full. Current safe amount is INR 42,229.45. Balance will be sufficient after upcoming income clears."
request_45,5228742.8,affordable_later,wait,2026-09-13:21983000.0,2026-09-13,none,"Wait until 2026-09-13 to pay IDR 21,983,000 in full. Current safe amount is IDR 5,228,742.8. Balance will be sufficient after upcoming income clears."
request_46,49450.0,affordable_with_plan,installments,2024-12-03:25714.0|2024-12-31:25714.0,2024-12-03,none,"Use 2 installments of INR 25714.0, starting 2024-12-03. This leaves at least INR 84,000 available."
request_47,38114000.0,affordable_now,full_payment,2025-05-05:38114000.0,2025-05-05,none,"Pay IDR 38,114,000 today. This leaves at least IDR 30,049,000 available over the next 90 days."
request_48,45700.0,affordable_now,full_payment,2026-07-25:45700.0,2026-07-25,none,"Pay INR 45,700 today. This leaves at least INR 71,300 available over the next 90 days."
request_49,16172335.18,affordable_with_plan,installments,2024-03-18:11902106.67|2024-04-18:11902106.67|2024-05-19:11902106.67,2024-04-17,none,"Use 3 installments of IDR 11902106.67, starting 2024-03-18. This leaves at least IDR 20,275,700 available."
request_50,43900.0,affordable_now,full_payment,2025-08-06:43900.0,2025-08-06,none,"Pay INR 43,900 today. This leaves at least INR 99,700 available over the next 90 days."
request_51,2191000.0,affordable_now,full_payment,2026-01-03:2191000.0,2026-01-03,none,"Pay IDR 2,191,000 today. This leaves at least IDR 7,811,000 available over the next 90 days."
request_52,26530.0,affordable_later,wait,2024-06-14:28870.0,2024-06-14,none,"Wait until 2024-06-14 to pay INR 28,870 in full. Current safe amount is INR 26,530. Balance will be sufficient after upcoming income clears."
request_53,714.42,affordable_with_plan,installments,2025-11-21:589.06|2025-12-19:589.06|2026-01-16:589.06,2025-11-14,none,"Use 3 installments of USD 589.06, starting 2025-11-21. This leaves at least USD 2,100 available."
request_54,6382.81,not_affordable,not_recommended,none,,none,"Cannot safely commit ZAR 121,528 within the 90-day forecast. Maximum safe amount today is ZAR 6,382.81. Consider reducing the request amount or revisiting later."
request_55,148276.01,affordable_with_plan,installments,2026-06-11:75781.33|2026-07-12:75781.33|2026-08-12:75781.33,2026-06-14,none,"Use 3 installments of INR 75781.33, starting 2026-06-11. This leaves at least INR 124,300 available."
request_56,778.66,affordable_with_plan,partial_payment,2025-02-03:778.66|2025-02-14:102.9,2025-02-14,none,"Pay USD 778.66 today and USD 102.9 on 2025-02-14. This spreads the cost while keeping at least USD 2,100 available."
request_57,15201.76,affordable_later,wait,2026-05-14:61446.0,2026-05-14,none,"Wait until 2026-05-14 to pay ZAR 61,446 in full. Current safe amount is ZAR 15,201.76. Balance will be sufficient after upcoming income clears."
request_58,16226000.0,affordable_now,full_payment,2024-12-07:16226000.0,2024-12-07,none,"Pay IDR 16,226,000 today. This leaves at least IDR 14,433,900 available over the next 90 days."
request_59,140600.0,affordable_with_plan,installments,2025-05-07:48741.33|2025-06-04:48741.33|2025-07-02:48741.33,2025-05-04,none,"Use 3 installments of INR 48741.33, starting 2025-05-07. This leaves at least INR 132,600 available."
request_60,199.89,affordable_now,full_payment,2026-01-06:199.89,2026-01-06,none,Pay USD 199.89 today. This leaves at least USD 400 available over the next 90 days.
request_61,29062.0,affordable_with_plan,installments,2024-03-17:10074.83|2024-04-17:10074.83|2024-05-18:10074.83,2024-03-03,none,"Use 3 installments of ZAR 10074.83, starting 2024-03-17. This leaves at least ZAR 36,700 available."
request_62,404.23,affordable_now,full_payment,2025-08-05:404.23,2025-08-05,none,"Pay USD 404.23 today. This leaves at least USD 1,300 available over the next 90 days."
request_63,59695.86,affordable_with_plan,partial_payment,2026-07-07:59695.86|2026-07-16:284204.14,2026-07-16,none,"Pay INR 59,695.86 today and INR 284,204.14 on 2026-07-16. This spreads the cost while keeping at least INR 153,500 available."
request_64,0.0,not_affordable,not_recommended,none,,none,"Cannot safely commit INR 63,700 within the 90-day forecast. Maximum safe amount today is INR 0. Consider reducing the request amount or revisiting later."
request_65,8424.76,not_affordable,not_recommended,none,,none,"Cannot safely commit ZAR 54,340 within the 90-day forecast. Maximum safe amount today is ZAR 8,424.76. Consider reducing the request amount or revisiting later."
request_66,22200.0,affordable_now,full_payment,2026-04-03:22200.0,2026-04-03,none,"Pay INR 22,200 today. This leaves at least INR 80,700 available over the next 90 days."
request_67,589.45,affordable_later,wait,2024-09-15:2094.0,2024-09-15,none,"Wait until 2024-09-15 to pay USD 2,094 in full. Current safe amount is USD 589.45. Balance will be sufficient after upcoming income clears."
request_68,1629.68,affordable_with_plan,installments,2025-02-14:725.09|2025-03-14:725.09|2025-04-11:725.09,2025-02-22,none,"Use 3 installments of USD 725.09, starting 2025-02-14. This leaves at least USD 1,500 available."
request_69,529.1,affordable_now,full_payment,2026-01-04:529.1,2026-01-04,none,Pay EUR 529.1 today. This leaves at least EUR 700 available over the next 90 days.
request_70,60305.48,affordable_later,wait,2025-02-16:243900.0,2025-02-16,none,"Wait until 2025-02-16 to pay INR 243,900 in full. Current safe amount is INR 60,305.48. Balance will be sufficient after upcoming income clears."
request_71,2219319.65,affordable_later,wait,2025-07-17:21451000.0,2025-07-17,none,"Wait until 2025-07-17 to pay IDR 21,451,000 in full. Current safe amount is IDR 2,219,319.65. Balance will be sufficient after upcoming income clears."
request_72,11330.0,affordable_now,full_payment,2026-07-05:11330.0,2026-07-05,none,"Pay ZAR 11,330 today. This leaves at least ZAR 12,200 available over the next 90 days."
request_73,71400.0,affordable_now,full_payment,2023-01-20:71400.0,2023-01-20,none,"Pay INR 71,400 today. This leaves at least INR 103,200 available over the next 90 days."
request_74,5010.0,affordable_now,full_payment,2025-08-04:5010.0,2025-08-04,none,"Pay ZAR 5,010 today. This leaves at least ZAR 21,900 available over the next 90 days."
request_75,28270.0,affordable_with_plan,installments,2026-04-09:9800.27|2026-05-09:9800.27|2026-06-08:9800.27,2026-04-06,none,"Use 3 installments of ZAR 9800.27, starting 2026-04-09. This leaves at least ZAR 39,000 available."
request_76,1210.31,not_affordable,not_recommended,none,2024-06-20,none,"Cannot safely commit USD 4,455.6 within the 90-day forecast. Maximum safe amount today is USD 1,210.31. Consider reducing the request amount or revisiting later."
request_77,60700.0,affordable_now,full_payment,2025-11-05:60700.0,2025-11-05,none,"Pay INR 60,700 today. This leaves at least INR 82,200 available over the next 90 days."
request_78,50200.0,affordable_now,full_payment,2025-10-02:50200.0,2025-10-02,none,"Pay INR 50,200 today. This leaves at least INR 55,200 available over the next 90 days."
request_79,868.05,affordable_with_plan,partial_payment,2024-09-04:868.05|2024-09-16:1283.55,2024-09-16,none,"Pay EUR 868.05 today and EUR 1,283.55 on 2024-09-16. This spreads the cost while keeping at least EUR 1,000 available."
request_80,125410.0,not_affordable,not_recommended,none,2025-03-10,none,"Cannot safely commit INR 217,500 within the 90-day forecast. Maximum safe amount today is INR 125,410. Consider reducing the request amount or revisiting later."
request_81,2076.0,affordable_now,full_payment,2026-07-03:2076.0,2026-07-03,none,"Pay USD 2,076 today. This leaves at least USD 1,600 available over the next 90 days."
request_82,547.2,affordable_later,wait,2024-12-21:1405.2,2024-12-21,none,"Wait until 2024-12-21 to pay USD 1,405.2 in full. Current safe amount is USD 547.2. Balance will be sufficient after upcoming income clears."
request_83,0.0,not_affordable,not_recommended,none,,none,"Cannot safely commit INR 156,200 within the 90-day forecast. Maximum safe amount today is INR 0. Consider reducing the request amount or revisiting later."
request_84,39829.34,affordable_later,wait,2026-04-14:95400.0,2026-04-14,none,"Wait until 2026-04-14 to pay INR 95,400 in full. Current safe amount is INR 39,829.34. Balance will be sufficient after upcoming income clears."
request_85,1261850.5,not_affordable,not_recommended,none,,none,"Cannot safely commit IDR 19,304,000 within the 90-day forecast. Maximum safe amount today is IDR 1,261,850.5. Consider reducing the request amount or revisiting later."
request_86,46300.0,affordable_now,full_payment,2025-08-03:46300.0,2025-08-03,none,"Pay INR 46,300 today. This leaves at least INR 84,900 available over the next 90 days."
request_87,0.0,not_affordable,not_recommended,none,,none,"Cannot safely commit INR 487,900 within the 90-day forecast. Maximum safe amount today is INR 0. Consider reducing the request amount or revisiting later."
request_88,11959.79,affordable_with_plan,installments,2024-06-14:9045.23|2024-07-15:9045.23|2024-08-15:9045.23,2024-06-14,none,"Use 3 installments of ZAR 9045.23, starting 2024-06-14. This leaves at least ZAR 25,800 available."
request_89,10918623.51,affordable_with_plan,installments,2025-11-18:4768746.67|2025-12-16:4768746.67|2026-01-13:4768746.67,2025-11-14,none,"Use 3 installments of IDR 4768746.67, starting 2025-11-18. This leaves at least IDR 12,534,700 available."
request_90,2560.0,affordable_now,full_payment,2026-07-06:2560.0,2026-07-06,none,"Pay ZAR 2,560 today. This leaves at least ZAR 7,600 available over the next 90 days."
request_91,728.87,affordable_later,wait,2024-10-14:1927.2,2024-10-14,none,"Wait until 2024-10-14 to pay EUR 1,927.2 in full. Current safe amount is EUR 728.87. Balance will be sufficient after upcoming income clears."
request_92,34034.0,affordable_now,full_payment,2025-02-05:34034.0,2025-02-05,none,"Pay ZAR 34,034 today. This leaves at least ZAR 28,100 available over the next 90 days."
request_93,1729.2,affordable_now,full_payment,2026-04-07:1729.2,2026-04-07,none,"Pay USD 1,729.2 today. This leaves at least USD 1,900 available over the next 90 days."
request_94,572.0,affordable_now,full_payment,2024-12-04:572.0,2024-12-04,none,Pay EUR 572 today. This leaves at least EUR 600 available over the next 90 days.
request_95,38195.84,not_affordable,not_recommended,none,,none,"Cannot safely commit INR 553,000 within the 90-day forecast. Maximum safe amount today is INR 38,195.84. Consider reducing the request amount or revisiting later."
request_96,84965.29,affordable_with_plan,installments,2026-01-10:31269.33|2026-02-09:31269.33|2026-03-11:31269.33,2026-01-14,none,"Use 3 installments of INR 31269.33, starting 2026-01-10. This leaves at least INR 56,500 available."
request_97,2929.44,affordable_with_plan,installments,2024-03-19:8145.28|2024-04-19:8145.28|2024-05-20:8145.28,2024-03-15,none,"Use 3 installments of ZAR 8145.28, starting 2024-03-19. This leaves at least ZAR 29,700 available."
request_98,12013.48,affordable_later,wait,2025-08-15:27148.0,2025-08-15,none,"Wait until 2025-08-15 to pay ZAR 27,148 in full. Current safe amount is ZAR 12,013.48. Balance will be sufficient after upcoming income clears."
request_99,18062.0,affordable_now,full_payment,2026-07-04:18062.0,2026-07-04,none,"Pay ZAR 18,062 today. This leaves at least ZAR 49,100 available over the next 90 days."
request_100,29616.75,affordable_with_plan,installments,2024-06-13:12866.19|2024-07-14:12866.19|2024-08-14:12866.19,2024-06-15,none,"Use 3 installments of ZAR 12866.19, starting 2024-06-13. This leaves at least ZAR 32,500 available."
request_101,143500.0,affordable_now,full_payment,2025-11-03:143500.0,2025-11-03,none,"Pay INR 143,500 today. This leaves at least INR 187,400 available over the next 90 days."
request_102,1716.0,affordable_with_plan,installments,2026-04-05:594.88|2026-05-05:594.88|2026-06-04:594.88,2026-04-05,none,"Use 3 installments of EUR 594.88, starting 2026-04-05. This leaves at least EUR 900 available."
request_103,20555.42,not_affordable,not_recommended,none,,none,"Cannot safely commit INR 368,300 within the 90-day forecast. Maximum safe amount today is INR 20,555.42. Consider reducing the request amount or revisiting later."
request_104,17204.0,affordable_now,full_payment,2025-02-04:17204.0,2025-02-04,none,"Pay ZAR 17,204 today. This leaves at least ZAR 24,700 available over the next 90 days."
request_105,53500.0,affordable_now,full_payment,2026-06-08:53500.0,2026-06-08,none,"Pay INR 53,500 today. This leaves at least INR 73,900 available over the next 90 days."
request_106,539.84,affordable_later,wait,2025-01-16:2207.7,2025-01-16,none,"Wait until 2025-01-16 to pay EUR 2,207.7 in full. Current safe amount is EUR 539.84. Balance will be sufficient after upcoming income clears."
request_107,2440.09,not_affordable,not_recommended,none,2025-07-14,none,"Cannot safely commit EUR 2,534.4 within the 90-day forecast. Maximum safe amount today is EUR 2,440.09. Consider reducing the request amount or revisiting later."
request_108,4835.23,affordable_later,wait,2026-08-09:55308.0,2026-08-09,none,"Wait until 2026-08-09 to pay ZAR 55,308 in full. Current safe amount is ZAR 4,835.23. Balance will be sufficient after upcoming income clears."
request_109,907.55,affordable_with_plan,installments,2024-03-18:645.98|2024-04-18:645.98|2024-05-19:645.98,2024-03-15,none,"Use 3 installments of EUR 645.98, starting 2024-03-18. This leaves at least EUR 1,700 available."
request_110,22352.0,affordable_with_plan,installments,2025-08-06:7748.69|2025-09-03:7748.69|2025-10-01:7748.69,2025-08-06,none,"Use 3 installments of ZAR 7748.69, starting 2025-08-06. This leaves at least ZAR 11,200 available."
request_111,16625000.0,affordable_now,full_payment,2026-04-03:16625000.0,2026-04-03,none,"Pay IDR 16,625,000 today. This leaves at least IDR 23,022,800 available over the next 90 days."
request_112,271.7,affordable_now,full_payment,2024-06-05:271.7,2024-06-05,none,Pay EUR 271.7 today. This leaves at least EUR 500 available over the next 90 days.
request_113,36500.0,affordable_now,full_payment,2026-09-04:36500.0,2026-09-04,none,"Pay INR 36,500 today. This leaves at least INR 82,300 available over the next 90 days."
request_114,65300.0,affordable_now,full_payment,2026-01-04:65300.0,2026-01-04,none,"Pay INR 65,300 today. This leaves at least INR 113,400 available over the next 90 days."
request_115,16726.05,affordable_later,wait,2024-10-14:80500.0,2024-10-14,none,"Wait until 2024-10-14 to pay INR 80,500 in full. Current safe amount is INR 16,726.05. Balance will be sufficient after upcoming income clears."
request_116,27138.67,not_affordable,not_recommended,none,2025-03-16,none,"Cannot safely commit INR 241,200 within the 90-day forecast. Maximum safe amount today is INR 27,138.67. Consider reducing the request amount or revisiting later."
request_117,880.0,affordable_now,full_payment,2026-07-05:880.0,2026-07-05,none,"Pay EUR 880 today. This leaves at least EUR 1,000 available over the next 90 days."
request_118,717.82,affordable_with_plan,installments,2024-12-07:255.87|2025-01-07:255.87|2025-02-07:255.87,2024-12-21,none,"Use 3 installments of EUR 255.87, starting 2024-12-07. This leaves at least EUR 600 available."
request_119,0.0,not_affordable,not_recommended,none,,none,"Cannot safely commit INR 203,500 within the 90-day forecast. Maximum safe amount today is INR 0. Consider reducing the request amount or revisiting later."
request_120,7714000.0,affordable_now,full_payment,2026-04-06:7714000.0,2026-04-06,none,"Pay IDR 7,714,000 today. This leaves at least IDR 20,050,300 available over the next 90 days."
request_121,633.6,affordable_now,full_payment,2024-03-03:633.6,2024-03-03,none,Pay USD 633.6 today. This leaves at least USD 800 available over the next 90 days.
request_122,20558000.0,affordable_with_plan,installments,2025-08-05:7126773.33|2025-09-02:7126773.33|2025-09-30:7126773.33,2025-08-05,none,"Use 3 installments of IDR 7126773.33, starting 2025-08-05. This leaves at least IDR 12,588,500 available."
request_123,4076000.0,affordable_now,full_payment,2026-01-07:4076000.0,2026-01-07,none,"Pay IDR 4,076,000 today. This leaves at least IDR 18,091,200 available over the next 90 days."
request_124,1497.09,affordable_with_plan,installments,2024-06-11:1076.12|2024-07-12:1076.12|2024-08-12:1076.12,2024-06-14,none,"Use 3 installments of EUR 1076.12, starting 2024-06-11. This leaves at least EUR 1,600 available."
request_125,6468.0,affordable_now,full_payment,2025-11-06:6468.0,2025-11-06,none,"Pay ZAR 6,468 today. This leaves at least ZAR 11,300 available over the next 90 days."
request_126,159600.0,affordable_now,full_payment,2026-07-03:159600.0,2026-07-03,none,"Pay INR 159,600 today. This leaves at least INR 129,700 available over the next 90 days."
request_127,0.0,not_affordable,not_recommended,none,,none,"Cannot safely commit ZAR 23,980 within the 90-day forecast. Maximum safe amount today is ZAR 0. Consider reducing the request amount or revisiting later."
request_128,25168.0,affordable_now,full_payment,2025-02-07:25168.0,2025-02-07,none,"Pay ZAR 25,168 today. This leaves at least ZAR 42,600 available over the next 90 days."
request_129,158.36,not_affordable,not_recommended,none,2026-06-13,none,"Cannot safely commit USD 2,668.8 within the 90-day forecast. Maximum safe amount today is USD 158.36. Consider reducing the request amount or revisiting later."
request_130,592.4,affordable_later,wait,2025-01-17:1978.8,2025-01-17,none,"Wait until 2025-01-17 to pay USD 1,978.8 in full. Current safe amount is USD 592.4. Balance will be sufficient after upcoming income clears."
request_131,1325.46,affordable_with_plan,installments,2025-05-06:643.14|2025-06-03:643.14|2025-07-01:643.14,2025-05-24,none,"Use 3 installments of USD 643.14, starting 2025-05-06. This leaves at least USD 1,100 available."
request_132,379.86,affordable_now,full_payment,2026-01-05:379.86,2026-01-05,none,"Pay USD 379.86 today. This leaves at least USD 1,100 available over the next 90 days."
request_133,15770000.0,not_affordable,not_recommended,none,2024-03-07,none,"Cannot safely commit IDR 15,770,000 within the 90-day forecast. Maximum safe amount today is IDR 15,770,000. Consider reducing the request amount or revisiting later."
request_134,7343943.67,affordable_later,wait,2025-08-14:21831000.0,2025-08-14,none,"Wait until 2025-08-14 to pay IDR 21,831,000 in full. Current safe amount is IDR 7,343,943.67. Balance will be sufficient after upcoming income clears."
request_135,304.8,affordable_now,full_payment,2026-07-06:304.8,2026-07-06,none,Pay USD 304.8 today. This leaves at least USD 500 available over the next 90 days.
request_136,560.4,affordable_now,full_payment,2024-06-03:560.4,2024-06-03,none,"Pay USD 560.4 today. This leaves at least USD 1,100 available over the next 90 days."
request_137,37112.02,affordable_later,wait,2025-11-14:80100.0,2025-11-14,none,"Wait until 2025-11-14 to pay INR 80,100 in full. Current safe amount is INR 37,112.02. Balance will be sufficient after upcoming income clears."
request_138,1117.9,affordable_with_plan,partial_payment,2026-04-07:1117.9|2026-04-14:139.04,2026-04-14,none,"Pay EUR 1,117.9 today and EUR 139.04 on 2026-04-14. This spreads the cost while keeping at least EUR 2,300 available."
request_139,2015.43,not_affordable,not_recommended,none,2024-09-15,none,"Cannot safely commit USD 2,316 within the 90-day forecast. Maximum safe amount today is USD 2,015.43. Consider reducing the request amount or revisiting later."
request_140,4591.4,not_affordable,not_recommended,none,,none,"Cannot safely commit ZAR 62,832 within the 90-day forecast. Maximum safe amount today is ZAR 4,591.4. Consider reducing the request amount or revisiting later."
request_141,33759.82,not_affordable,not_recommended,none,2026-03-15,none,"Cannot safely commit INR 171,600 within the 90-day forecast. Maximum safe amount today is INR 33,759.82. Consider reducing the request amount or revisiting later."
request_142,1263.6,affordable_now,full_payment,2024-12-05:1263.6,2024-12-05,none,"Pay USD 1,263.6 today. This leaves at least USD 1,700 available over the next 90 days."
request_143,4281.54,affordable_later,wait,2025-05-17:12584.0,2025-05-17,none,"Wait until 2025-05-17 to pay ZAR 12,584 in full. Current safe amount is ZAR 4,281.54. Balance will be sufficient after upcoming income clears."
request_144,233.34,affordable_now,full_payment,2026-07-04:233.34,2026-07-04,none,Pay USD 233.34 today. This leaves at least USD 600 available over the next 90 days.
request_145,51372.72,not_affordable,not_recommended,none,2024-04-22,none,"Cannot safely commit INR 217,400 within the 90-day forecast. Maximum safe amount today is INR 51,372.72. Consider reducing the request amount or revisiting later."
request_146,25072.28,affordable_later,wait,2025-10-14:449400.0,2025-10-14,none,"Wait until 2025-10-14 to pay INR 449,400 in full. Current safe amount is INR 25,072.28. Balance will be sufficient after upcoming income clears."
request_147,0.0,not_affordable,not_recommended,none,,none,"Cannot safely commit EUR 1,129.7 within the 90-day forecast. Maximum safe amount today is EUR 0. Consider reducing the request amount or revisiting later."
request_148,10425.12,affordable_with_plan,installments,2024-06-14:7710.56|2024-07-15:7710.56|2024-08-15:7710.56,2024-06-14,none,"Use 3 installments of ZAR 7710.56, starting 2024-06-14. This leaves at least ZAR 20,000 available."
request_149,28227.37,affordable_with_plan,installments,2025-11-18:12706.03|2025-12-16:12706.03|2026-01-13:12706.03,2025-11-14,none,"Use 3 installments of ZAR 12706.03, starting 2025-11-18. This leaves at least ZAR 42,100 available."
request_150,377.38,affordable_with_plan,installments,2026-01-06:171.98|2026-02-05:171.98|2026-03-07:171.98,2026-01-15,none,"Use 3 installments of EUR 171.98, starting 2026-01-06. This leaves at least EUR 700 available."
request_151,26999000.0,affordable_now,full_payment,2024-09-03:26999000.0,2024-09-03,none,"Pay IDR 26,999,000 today. This leaves at least IDR 31,633,600 available over the next 90 days."
request_152,13185.27,affordable_with_plan,installments,2025-02-12:4812.43|2025-03-12:4812.43|2025-04-09:4812.43,2025-02-14,none,"Use 3 installments of ZAR 4812.43, starting 2025-02-12. This leaves at least ZAR 11,900 available."
request_153,270.37,not_affordable,not_recommended,none,,none,"Cannot safely commit USD 2,830.8 within the 90-day forecast. Maximum safe amount today is USD 270.37. Consider reducing the request amount or revisiting later."
request_154,1625.8,affordable_with_plan,installments,2024-12-04:563.61|2025-01-04:563.61|2025-02-04:563.61,2024-12-04,none,"Use 3 installments of EUR 563.61, starting 2024-12-04. This leaves at least EUR 1,300 available."
request_155,97475.37,affordable_later,wait,2025-06-14:112500.0,2025-06-14,none,"Wait until 2025-06-14 to pay INR 112,500 in full. Current safe amount is INR 97,475.37. Balance will be sufficient after upcoming income clears."
request_156,10834.45,affordable_later,wait,2026-05-14:43076.0,2026-05-14,none,"Wait until 2026-05-14 to pay ZAR 43,076 in full. Current safe amount is ZAR 10,834.45. Balance will be sufficient after upcoming income clears."
request_157,7113037.89,affordable_later,wait,2024-04-17:23503000.0,2024-04-17,none,"Wait until 2024-04-17 to pay IDR 23,503,000 in full. Current safe amount is IDR 7,113,037.89. Balance will be sufficient after upcoming income clears."
request_158,242600.0,affordable_with_plan,installments,2025-08-07:84101.33|2025-09-04:84101.33|2025-10-02:84101.33,2025-08-07,none,"Use 3 installments of INR 84101.33, starting 2025-08-07. This leaves at least INR 131,400 available."
request_159,13398.0,affordable_now,full_payment,2026-01-04:13398.0,2026-01-04,none,"Pay ZAR 13,398 today. This leaves at least ZAR 8,700 available over the next 90 days."
request_160,643.61,affordable_with_plan,installments,2024-06-13:432.05|2024-07-14:432.05|2024-08-14:432.05,2024-06-14,none,"Use 3 installments of EUR 432.05, starting 2024-06-13. This leaves at least EUR 1,200 available."
request_161,7506322.75,affordable_later,wait,2026-01-13:21204000.0,2026-01-13,none,"Wait until 2026-01-13 to pay IDR 21,204,000 in full. Current safe amount is IDR 7,506,322.75. Balance will be sufficient after upcoming income clears."
request_162,4486081.51,not_affordable,not_recommended,none,,none,"Cannot safely commit IDR 83,923,000 within the 90-day forecast. Maximum safe amount today is IDR 4,486,081.51. Consider reducing the request amount or revisiting later."
request_163,13212438.59,affordable_with_plan,installments,2024-09-10:6692053.33|2024-10-11:6692053.33|2024-11-11:6692053.33,2024-09-19,none,"Use 3 installments of IDR 6692053.33, starting 2024-09-10. This leaves at least IDR 26,728,700 available."
request_164,27018000.0,affordable_with_plan,installments,2025-02-11:9366240.0|2025-03-11:9366240.0|2025-04-08:9366240.0,2025-02-04,none,"Use 3 installments of IDR 9366240.0, starting 2025-02-11. This leaves at least IDR 29,550,500 available."
request_165,80600.0,affordable_now,full_payment,2026-04-06:80600.0,2026-04-06,none,"Pay INR 80,600 today. This leaves at least INR 95,000 available over the next 90 days."
request_166,2907.6,affordable_with_plan,installments,2024-12-03:1007.97|2025-01-03:1007.97|2025-02-03:1007.97,2024-12-03,none,"Use 3 installments of USD 1007.97, starting 2024-12-03. This leaves at least USD 1,700 available."
request_167,43802.0,affordable_now,full_payment,2025-05-05:43802.0,2025-05-05,none,"Pay ZAR 43,802 today. This leaves at least ZAR 31,200 available over the next 90 days."
request_168,43984.84,affordable_with_plan,partial_payment,2026-01-07:43984.84|2026-01-14:5395.16,2026-01-14,none,"Pay INR 43,984.84 today and INR 5,395.16 on 2026-01-14. This spreads the cost while keeping at least INR 114,400 available."
request_169,41976.0,affordable_now,full_payment,2024-03-04:41976.0,2024-03-04,none,"Pay ZAR 41,976 today. This leaves at least ZAR 18,700 available over the next 90 days."
request_170,34422077.09,affordable_with_plan,installments,2025-08-06:12804480.0|2025-09-03:12804480.0|2025-10-01:12804480.0,2025-08-14,none,"Use 3 installments of IDR 12804480.0, starting 2025-08-06. This leaves at least IDR 24,715,800 available."
request_171,114.07,not_affordable,not_recommended,none,,none,"Cannot safely commit EUR 1,878.8 within the 90-day forecast. Maximum safe amount today is EUR 114.07. Consider reducing the request amount or revisiting later."
request_172,10200.0,affordable_with_plan,installments,2024-06-05:5304.0|2024-07-03:5304.0,2024-06-05,none,"Use 2 installments of ZAR 5304.0, starting 2024-06-05. This leaves at least ZAR 27,200 available."
request_173,74475.62,affordable_with_plan,installments,2025-11-21:39173.33|2025-12-19:39173.33|2026-01-16:39173.33,2025-11-14,none,"Use 3 installments of INR 39173.33, starting 2025-11-21. This leaves at least INR 79,100 available."
request_174,1146.2,affordable_with_plan,installments,2026-04-04:397.35|2026-05-04:397.35|2026-06-03:397.35,2026-04-04,none,"Use 3 installments of EUR 397.35, starting 2026-04-04. This leaves at least EUR 700 available."
request_175,2346.3,affordable_now,full_payment,2024-09-06:2346.3,2024-09-06,none,"Pay EUR 2,346.3 today. This leaves at least EUR 1,700 available over the next 90 days."
request_176,470.3,affordable_later,wait,2025-03-01:1239.7,2025-03-01,none,"Wait until 2025-03-01 to pay EUR 1,239.7 in full. Current safe amount is EUR 470.3. Balance will be sufficient after upcoming income clears."
request_177,1017.6,affordable_now,full_payment,2026-01-05:1017.6,2026-01-05,none,"Pay USD 1,017.6 today. This leaves at least USD 1,300 available over the next 90 days."
request_178,2938.1,affordable_with_plan,installments,2024-12-07:1018.54|2025-01-07:1018.54|2025-02-07:1018.54,2024-12-07,none,"Use 3 installments of EUR 1018.54, starting 2024-12-07. This leaves at least EUR 1,400 available."
request_179,13694869.84,affordable_later,wait,2025-06-17:41648000.0,2025-06-17,none,"Wait until 2025-06-17 to pay IDR 41,648,000 in full. Current safe amount is IDR 13,694,869.84. Balance will be sufficient after upcoming income clears."
request_180,66500.0,affordable_now,full_payment,2026-07-06:66500.0,2026-07-06,none,"Pay INR 66,500 today. This leaves at least INR 37,300 available over the next 90 days."
request_181,581.34,affordable_later,wait,2024-04-17:5059.2,2024-04-17,none,"Wait until 2024-04-17 to pay USD 5,059.2 in full. Current safe amount is USD 581.34. Balance will be sufficient after upcoming income clears."
request_182,65714.0,affordable_now,full_payment,2025-08-05:65714.0,2025-08-05,none,"Pay ZAR 65,714 today. This leaves at least ZAR 31,100 available over the next 90 days."
request_183,25548347.75,affordable_with_plan,installments,2026-04-10:9313546.67|2026-05-10:9313546.67|2026-06-09:9313546.67,2026-04-14,none,"Use 3 installments of IDR 9313546.67, starting 2026-04-10. This leaves at least IDR 11,878,300 available."
request_184,0.0,not_affordable,not_recommended,none,,none,"Cannot safely commit INR 251,900 within the 90-day forecast. Maximum safe amount today is INR 0. Consider reducing the request amount or revisiting later."
request_185,583.12,affordable_later,wait,2025-11-14:1257.3,2025-11-14,none,"Wait until 2025-11-14 to pay EUR 1,257.3 in full. Current safe amount is EUR 583.12. Balance will be sufficient after upcoming income clears."
request_186,16651.37,affordable_later,wait,2026-01-15:26554.0,2026-01-15,none,"Wait until 2026-01-15 to pay ZAR 26,554 in full. Current safe amount is ZAR 16,651.37. Balance will be sufficient after upcoming income clears."
request_187,45576.87,affordable_later,wait,2024-10-14:187500.0,2024-10-14,none,"Wait until 2024-10-14 to pay INR 187,500 in full. Current safe amount is INR 45,576.87. Balance will be sufficient after upcoming income clears."
request_188,318.3,not_affordable,not_recommended,none,,none,"Cannot safely commit EUR 2,464 within the 90-day forecast. Maximum safe amount today is EUR 318.3. Consider reducing the request amount or revisiting later."
request_189,488.4,affordable_now,full_payment,2026-07-04:488.4,2026-07-04,none,Pay EUR 488.4 today. This leaves at least EUR 400 available over the next 90 days.
request_190,886.24,affordable_later,wait,2024-12-15:2557.5,2024-12-15,none,"Wait until 2024-12-15 to pay EUR 2,557.5 in full. Current safe amount is EUR 886.24. Balance will be sufficient after upcoming income clears."
request_191,664.4,affordable_now,full_payment,2025-05-03:664.4,2025-05-03,none,Pay EUR 664.4 today. This leaves at least EUR 500 available over the next 90 days.
request_192,300.33,affordable_later,wait,2026-05-17:2046.0,2026-05-17,none,"Wait until 2026-05-17 to pay USD 2,046 in full. Current safe amount is USD 300.33. Balance will be sufficient after upcoming income clears."
request_193,211.14,affordable_with_plan,installments,2024-03-21:420.23|2024-04-21:420.23|2024-05-22:420.23,2024-03-17,none,"Use 3 installments of EUR 420.23, starting 2024-03-21. This leaves at least EUR 1,000 available."
request_194,46679.26,affordable_later,wait,2025-09-23:132800.0,2025-09-23,none,"Wait until 2025-09-23 to pay INR 132,800 in full. Current safe amount is INR 46,679.26. Balance will be sufficient after upcoming income clears."
request_195,1102.36,affordable_with_plan,installments,2026-01-09:405.74|2026-02-08:405.74|2026-03-10:405.74,2026-01-14,none,"Use 3 installments of EUR 405.74, starting 2026-01-09. This leaves at least EUR 700 available."
request_196,762.3,affordable_now,full_payment,2024-06-03:762.3,2024-06-03,none,Pay EUR 762.3 today. This leaves at least EUR 500 available over the next 90 days.
request_197,50939000.0,affordable_with_plan,installments,2025-11-19:17658853.33|2025-12-17:17658853.33|2026-01-14:17658853.33,2025-11-05,none,"Use 3 installments of IDR 17658853.33, starting 2025-11-19. This leaves at least IDR 26,245,900 available."
request_198,185800.0,affordable_now,full_payment,2026-07-07:185800.0,2026-07-07,none,"Pay INR 185,800 today. This leaves at least INR 124,300 available over the next 90 days."
request_199,23674000.0,affordable_with_plan,installments,2024-09-07:8206986.67|2024-10-08:8206986.67|2024-11-08:8206986.67,2024-09-04,none,"Use 3 installments of IDR 8206986.67, starting 2024-09-07. This leaves at least IDR 25,359,500 available."
request_200,21717000.0,affordable_now,full_payment,2025-02-06:21717000.0,2025-02-06,none,"Pay IDR 21,717,000 today. This leaves at least IDR 20,114,600 available over the next 90 days."
request_201,23997000.0,affordable_now,full_payment,2026-04-03:23997000.0,2026-04-03,none,"Pay IDR 23,997,000 today. This leaves at least IDR 17,304,500 available over the next 90 days."
request_202,123900.0,affordable_now,full_payment,2024-12-05:123900.0,2024-12-05,none,"Pay INR 123,900 today. This leaves at least INR 147,800 available over the next 90 days."
request_203,1442.1,affordable_with_plan,installments,2025-05-10:499.93|2025-06-07:499.93|2025-07-05:499.93,2025-05-07,none,"Use 3 installments of EUR 499.93, starting 2025-05-10. This leaves at least EUR 1,400 available."
request_204,588.74,affordable_now,full_payment,2026-01-04:588.74,2026-01-04,none,"Pay EUR 588.74 today. This leaves at least EUR 1,300 available over the next 90 days."
request_205,10621000.0,affordable_now,full_payment,2024-03-06:10621000.0,2024-03-06,none,"Pay IDR 10,621,000 today. This leaves at least IDR 13,994,300 available over the next 90 days."
request_206,1404.7,affordable_with_plan,installments,2025-08-03:486.96|2025-08-31:486.96|2025-09-28:486.96,2025-08-03,none,"Use 3 installments of EUR 486.96, starting 2025-08-03. This leaves at least EUR 900 available."
request_207,6769.49,affordable_later,wait,2026-07-15:11830.0,2026-07-15,none,"Wait until 2026-07-15 to pay ZAR 11,830 in full. Current safe amount is ZAR 6,769.49. Balance will be sufficient after upcoming income clears."
request_208,4413000.0,affordable_now,full_payment,2024-06-07:4413000.0,2024-06-07,none,"Pay IDR 4,413,000 today. This leaves at least IDR 10,470,700 available over the next 90 days."
request_209,3016.76,not_affordable,not_recommended,none,2026-01-13,none,"Cannot safely commit ZAR 56,914 within the 90-day forecast. Maximum safe amount today is ZAR 3,016.76. Consider reducing the request amount or revisiting later."
request_210,1115.14,affordable_with_plan,partial_payment,2026-04-06:1115.14|2026-04-14:244.88,2026-04-14,none,"Pay USD 1,115.14 today and USD 244.88 on 2026-04-14. This spreads the cost while keeping at least USD 2,000 available."
request_211,572.53,affordable_later,wait,2024-09-15:1788.6,2024-09-15,none,"Wait until 2024-09-15 to pay EUR 1,788.6 in full. Current safe amount is EUR 572.53. Balance will be sufficient after upcoming income clears."
request_212,10137135.45,not_affordable,not_recommended,none,,none,"Cannot safely commit IDR 71,934,000 within the 90-day forecast. Maximum safe amount today is IDR 10,137,135.45. Consider reducing the request amount or revisiting later."
request_213,3362.4,affordable_with_plan,installments,2026-01-21:1165.63|2026-02-20:1165.63|2026-03-22:1165.63,2026-01-07,none,"Use 3 installments of USD 1165.63, starting 2026-01-21. This leaves at least USD 2,100 available."
request_214,69750.0,affordable_with_plan,installments,2024-12-04:36270.0|2025-01-01:36270.0,2024-12-04,none,"Use 2 installments of INR 36270.0, starting 2024-12-04. This leaves at least INR 174,900 available."
request_215,29986.0,affordable_with_plan,installments,2025-05-09:10395.15|2025-06-06:10395.15|2025-07-04:10395.15,2025-05-06,none,"Use 3 installments of ZAR 10395.15, starting 2025-05-09. This leaves at least ZAR 15,700 available."
request_216,722.52,affordable_later,wait,2026-09-13:3332.4,2026-09-13,none,"Wait until 2026-09-13 to pay USD 3,332.4 in full. Current safe amount is USD 722.52. Balance will be sufficient after upcoming income clears."
request_217,23403.48,affordable_with_plan,installments,2024-03-19:12889.07|2024-04-19:12889.07|2024-05-20:12889.07,2024-03-15,none,"Use 3 installments of ZAR 12889.07, starting 2024-03-19. This leaves at least ZAR 26,800 available."
request_218,29035794.96,affordable_with_plan,installments,2025-08-07:21195893.33|2025-09-04:21195893.33|2025-10-02:21195893.33,2025-08-15,none,"Use 3 installments of IDR 21195893.33, starting 2025-08-07. This leaves at least IDR 34,477,200 available."
request_219,442.35,not_affordable,not_recommended,none,,none,"Cannot safely commit EUR 1,673.1 within the 90-day forecast. Maximum safe amount today is EUR 442.35. Consider reducing the request amount or revisiting later."
request_220,209.84,not_affordable,not_recommended,none,,none,"Cannot safely commit EUR 3,118.5 within the 90-day forecast. Maximum safe amount today is EUR 209.84. Consider reducing the request amount or revisiting later."
request_221,109800.0,affordable_now,full_payment,2025-11-03:109800.0,2025-11-03,none,"Pay INR 109,800 today. This leaves at least INR 81,500 available over the next 90 days."
request_222,34078.0,affordable_now,full_payment,2026-01-05:34078.0,2026-01-05,none,"Pay ZAR 34,078 today. This leaves at least ZAR 27,300 available over the next 90 days."
request_223,898.7,affordable_now,full_payment,2024-09-07:898.7,2024-09-07,none,Pay EUR 898.7 today. This leaves at least EUR 800 available over the next 90 days.
request_224,10327000.0,affordable_with_plan,installments,2025-02-04:5370040.0|2025-03-04:5370040.0,2025-02-04,none,"Use 2 installments of IDR 5370040.0, starting 2025-02-04. This leaves at least IDR 22,187,600 available."
request_225,12156439.43,affordable_with_plan,installments,2026-07-20:7647120.0|2026-08-19:7647120.0|2026-09-18:7647120.0,2026-07-15,none,"Use 3 installments of IDR 7647120.0, starting 2026-07-20. This leaves at least IDR 17,670,700 available."
request_226,157000.0,affordable_now,full_payment,2024-12-03:157000.0,2024-12-03,none,"Pay INR 157,000 today. This leaves at least INR 209,400 available over the next 90 days."
request_227,10585.61,not_affordable,not_recommended,none,,none,"Cannot safely commit INR 259,700 within the 90-day forecast. Maximum safe amount today is INR 10,585.61. Consider reducing the request amount or revisiting later."
request_228,7643700.0,affordable_later,wait,2026-07-06:63327000.0,2026-07-06,none,"Wait until 2026-07-06 to pay IDR 63,327,000 in full. Current safe amount is IDR 7,643,700. Balance will be sufficient after upcoming income clears."
request_229,554.41,affordable_with_plan,installments,2024-03-18:529.29|2024-04-18:529.29|2024-05-19:529.29,2024-04-17,none,"Use 3 installments of EUR 529.29, starting 2024-03-18. This leaves at least EUR 1,000 available."
request_230,3537.6,affordable_now,full_payment,2025-08-06:3537.6,2025-08-06,none,"Pay EUR 3,537.6 today. This leaves at least EUR 2,000 available over the next 90 days."
request_231,35706.0,affordable_with_plan,installments,2026-01-06:12378.08|2026-02-05:12378.08|2026-03-07:12378.08,2026-01-03,none,"Use 3 installments of ZAR 12378.08, starting 2026-01-06. This leaves at least ZAR 24,300 available."
request_232,1118.4,affordable_later,wait,2024-06-14:1970.1,2024-06-14,none,"Wait until 2024-06-14 to pay EUR 1,970.1 in full. Current safe amount is EUR 1,118.4. Balance will be sufficient after upcoming income clears."
request_233,5468200.0,affordable_with_plan,partial_payment,2025-11-07:5468200.0|2025-11-14:772800.0,2025-11-14,none,"Pay IDR 5,468,200 today and IDR 772,800 on 2025-11-14. This spreads the cost while keeping at least IDR 10,365,700 available."
request_234,280.76,affordable_later,wait,2026-08-14:1213.3,2026-08-14,none,"Wait until 2026-08-14 to pay EUR 1,213.3 in full. Current safe amount is EUR 280.76. Balance will be sufficient after upcoming income clears."
request_235,967.2,affordable_now,full_payment,2024-09-06:967.2,2024-09-06,none,Pay USD 967.2 today. This leaves at least USD 700 available over the next 90 days.
request_236,7356497.56,not_affordable,not_recommended,none,2025-04-15,none,"Cannot safely commit IDR 52,383,000 within the 90-day forecast. Maximum safe amount today is IDR 7,356,497.56. Consider reducing the request amount or revisiting later."
request_237,23826000.0,affordable_now,full_payment,2026-04-05:23826000.0,2026-04-05,none,"Pay IDR 23,826,000 today. This leaves at least IDR 22,431,500 available over the next 90 days."
request_238,663.6,affordable_with_plan,installments,2024-12-07:230.05|2025-01-07:230.05|2025-02-07:230.05,2024-12-07,none,"Use 3 installments of USD 230.05, starting 2024-12-07. This leaves at least USD 700 available."
request_239,642.0,affordable_now,full_payment,2025-05-04:642.0,2025-05-04,none,Pay USD 642 today. This leaves at least USD 600 available over the next 90 days.
request_240,20020.0,affordable_with_plan,partial_payment,2026-01-06:20020.0|2026-03-15:81180.0,2026-03-15,none,"Pay INR 20,020 today and INR 81,180 on 2026-03-15. This spreads the cost while keeping at least INR 52,800 available."
request_241,21052000.0,not_affordable,not_recommended,none,2024-03-03,none,"Cannot safely commit IDR 21,052,000 within the 90-day forecast. Maximum safe amount today is IDR 21,052,000. Consider reducing the request amount or revisiting later."
request_242,142.55,not_affordable,not_recommended,none,,none,"Cannot safely commit EUR 1,966.8 within the 90-day forecast. Maximum safe amount today is EUR 142.55. Consider reducing the request amount or revisiting later."
request_243,17468.0,affordable_now,full_payment,2026-07-07:17468.0,2026-07-07,none,"Pay ZAR 17,468 today. This leaves at least ZAR 19,900 available over the next 90 days."
request_244,49918.0,affordable_now,full_payment,2024-06-04:49918.0,2024-06-04,none,"Pay ZAR 49,918 today. This leaves at least ZAR 45,900 available over the next 90 days."
request_245,47644.7,affordable_later,wait,2025-12-14:128500.0,2025-12-14,none,"Wait until 2025-12-14 to pay INR 128,500 in full. Current safe amount is INR 47,644.7. Balance will be sufficient after upcoming income clears."
request_246,64086.0,affordable_with_plan,installments,2026-04-03:22216.48|2026-05-03:22216.48|2026-06-02:22216.48,2026-04-03,none,"Use 3 installments of ZAR 22216.48, starting 2026-04-03. This leaves at least ZAR 39,300 available."
request_247,1059.3,affordable_now,full_payment,2024-09-05:1059.3,2024-09-05,none,"Pay EUR 1,059.3 today. This leaves at least EUR 1,300 available over the next 90 days."
request_248,1025.93,affordable_with_plan,partial_payment,2025-02-07:1025.93|2025-02-20:939.67,2025-02-20,none,"Pay USD 1,025.93 today and USD 939.67 on 2025-02-20. This spreads the cost while keeping at least USD 1,300 available."
request_249,213.04,affordable_later,wait,2026-02-13:643.2,2026-02-13,none,Wait until 2026-02-13 to pay USD 643.2 in full. Current safe amount is USD 213.04. Balance will be sufficient after upcoming income clears.
request_250,17762.28,not_affordable,not_recommended,none,,none,"Cannot safely commit ZAR 124,278 within the 90-day forecast. Maximum safe amount today is ZAR 17,762.28. Consider reducing the request amount or revisiting later."
request_251,1513.6,not_affordable,not_recommended,none,2025-05-03,none,"Cannot safely commit EUR 1,513.6 within the 90-day forecast. Maximum safe amount today is EUR 1,513.6. Consider reducing the request amount or revisiting later."
request_252,5897254.41,affordable_later,wait,2026-08-14:28082000.0,2026-08-14,none,"Wait until 2026-08-14 to pay IDR 28,082,000 in full. Current safe amount is IDR 5,897,254.41. Balance will be sufficient after upcoming income clears."
request_253,1635.69,affordable_with_plan,installments,2024-03-21:984.6|2024-04-21:984.6|2024-05-22:984.6,2024-03-17,none,"Use 3 installments of EUR 984.6, starting 2024-03-21. This leaves at least EUR 2,300 available."
request_254,959.97,affordable_later,wait,2025-09-14:3535.2,2025-09-14,none,"Wait until 2025-09-14 to pay USD 3,535.2 in full. Current safe amount is USD 959.97. Balance will be sufficient after upcoming income clears."
request_255,3345000.0,affordable_now,full_payment,2026-04-06:3345000.0,2026-04-06,none,"Pay IDR 3,345,000 today. This leaves at least IDR 9,813,900 available over the next 90 days."
request_256,180834.61,not_affordable,not_recommended,none,2024-06-14,none,"Cannot safely commit INR 218,700 within the 90-day forecast. Maximum safe amount today is INR 180,834.61. Consider reducing the request amount or revisiting later."
request_257,657.26,affordable_later,wait,2025-11-14:1352.4,2025-11-14,none,"Wait until 2025-11-14 to pay USD 1,352.4 in full. Current safe amount is USD 657.26. Balance will be sufficient after upcoming income clears."
request_258,1113.6,affordable_now,full_payment,2026-01-07:1113.6,2026-01-07,none,"Pay USD 1,113.6 today. This leaves at least USD 500 available over the next 90 days."
request_259,489.86,affordable_later,wait,2024-10-14:935.0,2024-10-14,none,Wait until 2024-10-14 to pay EUR 935 in full. Current safe amount is EUR 489.86. Balance will be sufficient after upcoming income clears.
request_260,10729422.36,affordable_with_plan,partial_payment,2025-02-06:10729422.36|2025-02-15:41349577.64,2025-02-15,none,"Pay IDR 10,729,422.36 today and IDR 41,349,577.64 on 2025-02-15. This spreads the cost while keeping at least IDR 20,727,700 available."
request_261,1830.4,affordable_now,full_payment,2026-07-03:1830.4,2026-07-03,none,"Pay EUR 1,830.4 today. This leaves at least EUR 1,500 available over the next 90 days."
request_262,9236000.0,affordable_now,full_payment,2024-12-05:9236000.0,2024-12-05,none,"Pay IDR 9,236,000 today. This leaves at least IDR 31,018,500 available over the next 90 days."
request_263,9323.96,not_affordable,not_recommended,none,2025-07-17,none,"Cannot safely commit ZAR 51,546 within the 90-day forecast. Maximum safe amount today is ZAR 9,323.96. Consider reducing the request amount or revisiting later."
request_264,27041.99,affordable_later,wait,2026-05-14:111300.0,2026-05-14,none,"Wait until 2026-05-14 to pay INR 111,300 in full. Current safe amount is INR 27,041.99. Balance will be sufficient after upcoming income clears."
request_265,45970.0,affordable_now,full_payment,2024-03-06:45970.0,2024-03-06,none,"Pay INR 45,970 today. This leaves at least INR 189,700 available over the next 90 days."
request_266,935.0,affordable_with_plan,installments,2025-08-03:324.13|2025-08-31:324.13|2025-09-28:324.13,2025-08-03,none,"Use 3 installments of EUR 324.13, starting 2025-08-03. This leaves at least EUR 900 available."
request_267,1846.97,affordable_with_plan,installments,2026-01-08:667.33|2026-02-07:667.33|2026-03-09:667.33,2026-01-14,none,"Use 3 installments of EUR 667.33, starting 2026-01-08. This leaves at least EUR 1,500 available."
request_268,1134.52,affordable_with_plan,installments,2024-06-14:841.22|2024-07-15:841.22|2024-08-15:841.22,2024-07-14,none,"Use 3 installments of EUR 841.22, starting 2024-06-14. This leaves at least EUR 1,400 available."
request_269,13407.72,affordable_later,wait,2026-01-13:15490.0,2026-01-13,none,"Wait until 2026-01-13 to pay ZAR 15,490 in full. Current safe amount is ZAR 13,407.72. Balance will be sufficient after upcoming income clears."
request_270,245.92,not_affordable,not_recommended,none,2026-08-11,none,"Cannot safely commit USD 3,028.8 within the 90-day forecast. Maximum safe amount today is USD 245.92. Consider reducing the request amount or revisiting later."
request_271,29425.89,affordable_later,wait,2024-10-19:91300.0,2024-10-19,none,"Wait until 2024-10-19 to pay INR 91,300 in full. Current safe amount is INR 29,425.89. Balance will be sufficient after upcoming income clears."
request_272,6683525.69,affordable_with_plan,installments,2025-02-12:4709466.67|2025-03-12:4709466.67|2025-04-09:4709466.67,2025-02-14,none,"Use 3 installments of IDR 4709466.67, starting 2025-02-12. This leaves at least IDR 7,508,600 available."
request_273,10764260.96,affordable_with_plan,partial_payment,2026-04-07:10764260.96|2026-04-14:5096739.04,2026-04-14,none,"Pay IDR 10,764,260.96 today and IDR 5,096,739.04 on 2026-04-14. This spreads the cost while keeping at least IDR 18,774,600 available."
request_274,2519.15,affordable_with_plan,installments,2024-12-04:940.75|2025-01-04:940.75|2025-02-04:940.75,2024-12-17,none,"Use 3 installments of EUR 940.75, starting 2024-12-04. This leaves at least EUR 1,800 available."
request_275,15884000.0,affordable_now,full_payment,2025-05-06:15884000.0,2025-05-06,none,"Pay IDR 15,884,000 today. This leaves at least IDR 12,760,100 available over the next 90 days."
